{
    "train": {
        "accuracy": 0.971523044739861,
        "precision": 0.9714452968251462,
        "recall": 0.971523044739861,
        "f1_score": 0.9714751046204931,
        "confusion_matrix": [
            [
                10755,
                191
            ],
            [
                231,
                3642
            ]
        ]
    },
    "validation": {
        "accuracy": 0.9719222462203023,
        "precision": 0.9718871197628717,
        "recall": 0.9719222462203023,
        "f1_score": 0.9719032309776734,
        "confusion_matrix": [
            [
                1346,
                25
            ],
            [
                27,
                454
            ]
        ]
    },
    "test": {
        "accuracy": 0.9660010793308149,
        "precision": 0.9658010149971191,
        "recall": 0.9660010793308149,
        "f1_score": 0.9658177638699691,
        "confusion_matrix": [
            [
                1358,
                24
            ],
            [
                39,
                432
            ]
        ]
    }
}