{
    "train": {
        "accuracy": 0.9692286928942574,
        "precision": 0.969143150271988,
        "recall": 0.9692286928942574,
        "f1_score": 0.9691768903008171,
        "confusion_matrix": [
            [
                10738,
                208
            ],
            [
                248,
                3625
            ]
        ]
    },
    "validation": {
        "accuracy": 0.9713822894168467,
        "precision": 0.9713305786206742,
        "recall": 0.9713822894168467,
        "f1_score": 0.9713531657104008,
        "confusion_matrix": [
            [
                1346,
                25
            ],
            [
                28,
                453
            ]
        ]
    },
    "test": {
        "accuracy": 0.9654614139233675,
        "precision": 0.9652591760096633,
        "recall": 0.9654614139233675,
        "f1_score": 0.9652879160701255,
        "confusion_matrix": [
            [
                1357,
                25
            ],
            [
                39,
                432
            ]
        ]
    }
}